"subplotID","flowerID","garden","species","rater","compound","tot.vase.days"
27,"11123",1,1,1,2,16
27,"11131",1,1,1,3,14
27,"11132",1,1,1,3,15
27,"11133",1,1,1,3,17
27,"11143",1,1,1,4,11
27,"11144",1,1,1,4,15
27,"11152",1,1,1,5,17
27,"11171",1,1,1,7,15
27,"11173",1,1,1,7,9
27,"11183",1,1,1,8,13
27,"11192",1,1,1,9,13
27,"111151",1,1,1,15,12
27,"11212",1,1,2,1,25
27,"11214",1,1,2,1,23
27,"11234",1,1,2,3,25
27,"11241",1,1,2,4,17
27,"11251",1,1,2,5,18
27,"11253",1,1,2,5,18
27,"11263",1,1,2,6,25
27,"11264",1,1,2,6,17
27,"11271",1,1,2,7,16
27,"11272",1,1,2,7,14
27,"11281",1,1,2,8,19
27,"11282",1,1,2,8,14
27,"11283",1,1,2,8,20
27,"11291",1,1,2,9,23
27,"11293",1,1,2,9,19
27,"112103",1,1,2,10,11
27,"112104",1,1,2,10,13
27,"112111",1,1,2,11,25
27,"112122",1,1,2,12,18
27,"112151",1,1,2,15,NA
27,"112152",1,1,2,15,16
27,"11321",1,1,3,2,14
27,"11323",1,1,3,2,19
27,"11324",1,1,3,2,25
27,"11332",1,1,3,3,19
27,"11342",1,1,3,4,16
27,"11353",1,1,3,5,24
27,"11362",1,1,3,6,25
27,"11373",1,1,3,7,23
27,"11381",1,1,3,8,21
27,"11382",1,1,3,8,9
27,"11383",1,1,3,8,16
27,"11393",1,1,3,9,14
27,"113104",1,1,3,10,18
27,"113113",1,1,3,11,25
27,"113142",1,1,3,14,15
27,"113153",1,1,3,15,25
27,"11411",1,1,4,1,25
27,"11424",1,1,4,2,20
27,"11433",1,1,4,3,20
27,"11434",1,1,4,3,18
27,"11444",1,1,4,4,17
27,"11482",1,1,4,8,20
27,"11484",1,1,4,8,20
27,"11494",1,1,4,9,25
27,"114112",1,1,4,11,22
27,"114124",1,1,4,12,24
27,"114131",1,1,4,13,17
27,"114133",1,1,4,13,25
27,"114143",1,1,4,14,16
27,"114152",1,1,4,15,25
27,"11532",1,1,5,3,24
27,"11534",1,1,5,3,24
27,"11562",1,1,5,6,16
27,"11571",1,1,5,7,21
27,"11581",1,1,5,8,18
27,"115111",1,1,5,11,23
27,"115122",1,1,5,12,17
27,"115124",1,1,5,12,22
27,"115132",1,1,5,13,NA
27,"115142",1,1,5,14,19
27,"115144",1,1,5,14,25
27,"115153",1,1,5,15,19
27,"12114",1,2,1,1,12
27,"12134",1,2,1,3,16
27,"12142",1,2,1,4,21
27,"12153",1,2,1,5,13
27,"12164",1,2,1,6,17
27,"12181",1,2,1,8,16
27,"12183",1,2,1,8,NA
27,"12192",1,2,1,9,8
27,"121101",1,2,1,10,NA
27,"121103",1,2,1,10,NA
27,"121112",1,2,1,11,17
27,"121114",1,2,1,11,18
27,"121122",1,2,1,12,NA
27,"121123",1,2,1,12,8
27,"121142",1,2,1,14,17
27,"12211",1,2,2,1,NA
27,"12214",1,2,2,1,22
27,"12222",1,2,2,2,16
27,"12223",1,2,2,2,20
27,"12241",1,2,2,4,15
27,"12243",1,2,2,4,14
27,"12252",1,2,2,5,14
27,"12264",1,2,2,6,25
27,"12273",1,2,2,7,18
27,"12274",1,2,2,7,22
27,"12282",1,2,2,8,17
27,"122124",1,2,2,12,17
27,"122134",1,2,2,13,NA
27,"122141",1,2,2,14,25
27,"122154",1,2,2,15,22
27,"12311",1,2,3,1,16
27,"12321",1,2,3,2,20
27,"12324",1,2,3,2,21
27,"12332",1,2,3,3,22
27,"12351",1,2,3,5,20
27,"12361",1,2,3,6,21
27,"12383",1,2,3,8,22
27,"123111",1,2,3,11,20
27,"123112",1,2,3,11,13
27,"123121",1,2,3,12,15
27,"123123",1,2,3,12,21
27,"123124",1,2,3,12,15
27,"123152",1,2,3,15,17
27,"123154",1,2,3,15,17
27,"12411",1,2,4,1,21
27,"12424",1,2,4,2,NA
27,"12433",1,2,4,3,24
27,"12453",1,2,4,5,24
27,"12462",1,2,4,6,25
27,"12471",1,2,4,7,22
27,"12474",1,2,4,7,18
27,"12482",1,2,4,8,NA
27,"12494",1,2,4,9,12
27,"124101",1,2,4,10,20
27,"124102",1,2,4,10,24
27,"124124",1,2,4,12,20
27,"124141",1,2,4,14,25
27,"124143",1,2,4,14,NA
27,"124144",1,2,4,14,16
27,"12512",1,2,5,1,22
27,"12513",1,2,5,1,17
27,"12524",1,2,5,2,17
27,"12531",1,2,5,3,19
27,"12534",1,2,5,3,25
27,"12541",1,2,5,4,20
27,"12551",1,2,5,5,18
27,"12561",1,2,5,6,25
27,"12572",1,2,5,7,14
27,"12582",1,2,5,8,20
27,"12583",1,2,5,8,17
27,"12584",1,2,5,8,15
27,"12591",1,2,5,9,25
27,"12592",1,2,5,9,20
27,"125111",1,2,5,11,20
27,"125112",1,2,5,11,21
27,"125113",1,2,5,11,22
27,"125122",1,2,5,12,15
27,"125143",1,2,5,14,14
27,"125151",1,2,5,15,23
38,"11111",1,1,1,1,7
38,"11134",1,1,1,3,20
38,"11142",1,1,1,4,3
38,"11162",1,1,1,6,14
38,"11181",1,1,1,8,5
38,"11184",1,1,1,8,9
38,"11191",1,1,1,9,10
38,"111102",1,1,1,10,7
38,"111103",1,1,1,10,7
38,"111111",1,1,1,11,18
38,"111133",1,1,1,13,NA
38,"111142",1,1,1,14,9
38,"111143",1,1,1,14,5
38,"11213",1,1,2,1,18
38,"11222",1,1,2,2,19
38,"11224",1,1,2,2,25
38,"11242",1,1,2,4,14
38,"11252",1,1,2,5,17
38,"11254",1,1,2,5,17
38,"11262",1,1,2,6,NA
38,"112112",1,1,2,11,21
38,"112124",1,1,2,12,14
38,"112131",1,1,2,13,19
38,"112132",1,1,2,13,21
38,"112133",1,1,2,13,17
38,"112141",1,1,2,14,18
38,"112142",1,1,2,14,12
38,"112153",1,1,2,15,17
38,"11312",1,1,3,1,11
38,"11313",1,1,3,1,NA
38,"11334",1,1,3,3,25
38,"11374",1,1,3,7,12
38,"11384",1,1,3,8,NA
38,"11391",1,1,3,9,20
38,"113114",1,1,3,11,17
38,"113121",1,1,3,12,14
38,"113133",1,1,3,13,14
38,"113144",1,1,3,14,11
38,"113151",1,1,3,15,16
38,"11412",1,1,4,1,18
38,"11421",1,1,4,2,25
38,"11422",1,1,4,2,25
38,"11431",1,1,4,3,18
38,"11432",1,1,4,3,25
38,"11442",1,1,4,4,12
38,"11443",1,1,4,4,14
38,"11451",1,1,4,5,NA
38,"11452",1,1,4,5,11
38,"11454",1,1,4,5,25
38,"11462",1,1,4,6,25
38,"11483",1,1,4,8,18
38,"11492",1,1,4,9,20
38,"11493",1,1,4,9,19
38,"114101",1,1,4,10,7
38,"114104",1,1,4,10,13
38,"114111",1,1,4,11,5
38,"114121",1,1,4,12,13
38,"114123",1,1,4,12,9
38,"114132",1,1,4,13,18
38,"114151",1,1,4,15,25
38,"11514",1,1,5,1,12
38,"11544",1,1,5,4,NA
38,"11553",1,1,5,5,15
38,"11561",1,1,5,6,24
38,"11563",1,1,5,6,NA
38,"11573",1,1,5,7,20
38,"11584",1,1,5,8,12
38,"115104",1,1,5,10,11
38,"115151",1,1,5,15,13
38,"115152",1,1,5,15,22
38,"115154",1,1,5,15,14
38,"12131",1,2,1,3,14
38,"12133",1,2,1,3,19
38,"12151",1,2,1,5,9
38,"12162",1,2,1,6,17
38,"12171",1,2,1,7,12
38,"12172",1,2,1,7,12
38,"12191",1,2,1,9,11
38,"121113",1,2,1,11,9
38,"121132",1,2,1,13,11
38,"121141",1,2,1,14,8
38,"121154",1,2,1,15,NA
38,"12231",1,2,2,3,17
38,"12234",1,2,2,3,18
38,"12242",1,2,2,4,16
38,"12251",1,2,2,5,20
38,"12263",1,2,2,6,25
38,"12291",1,2,2,9,17
38,"12292",1,2,2,9,20
38,"12293",1,2,2,9,15
38,"12294",1,2,2,9,21
38,"122111",1,2,2,11,12
38,"122112",1,2,2,11,18
38,"122114",1,2,2,11,19
38,"122122",1,2,2,12,20
38,"122123",1,2,2,12,13
38,"122153",1,2,2,15,15
38,"12352",1,2,3,5,15
38,"12381",1,2,3,8,NA
38,"12382",1,2,3,8,17
38,"12384",1,2,3,8,14
38,"12393",1,2,3,9,11
38,"123102",1,2,3,10,15
38,"123103",1,2,3,10,13
38,"123104",1,2,3,10,18
38,"123113",1,2,3,11,16
38,"123114",1,2,3,11,16
38,"123132",1,2,3,13,15
38,"123144",1,2,3,14,22
38,"123151",1,2,3,15,16
38,"12412",1,2,4,1,15
38,"12413",1,2,4,1,11
38,"12421",1,2,4,2,21
38,"12454",1,2,4,5,17
38,"12461",1,2,4,6,NA
38,"12473",1,2,4,7,20
38,"12492",1,2,4,9,15
38,"124152",1,2,4,15,18
38,"12523",1,2,5,2,20
38,"12543",1,2,5,4,10
38,"12552",1,2,5,5,17
38,"12554",1,2,5,5,14
38,"12562",1,2,5,6,12
38,"12564",1,2,5,6,20
38,"12574",1,2,5,7,13
38,"125101",1,2,5,10,10
38,"125102",1,2,5,10,14
38,"125104",1,2,5,10,17
38,"125114",1,2,5,11,15
38,"125124",1,2,5,12,12
38,"125154",1,2,5,15,17
46,"11112",1,1,1,1,8
46,"11114",1,1,1,1,8
46,"11153",1,1,1,5,11
46,"11154",1,1,1,5,8
46,"11163",1,1,1,6,14
46,"11172",1,1,1,7,6
46,"11174",1,1,1,7,13
46,"111101",1,1,1,10,9
46,"111104",1,1,1,10,9
46,"111113",1,1,1,11,11
46,"111132",1,1,1,13,10
46,"111134",1,1,1,13,12
46,"111153",1,1,1,15,11
46,"111154",1,1,1,15,8
46,"11221",1,1,2,2,14
46,"11223",1,1,2,2,19
46,"11231",1,1,2,3,18
46,"11232",1,1,2,3,25
46,"11244",1,1,2,4,14
46,"11273",1,1,2,7,21
46,"11274",1,1,2,7,20
46,"11284",1,1,2,8,12
46,"11292",1,1,2,9,17
46,"11294",1,1,2,9,16
46,"112113",1,1,2,11,19
46,"112121",1,1,2,12,10
46,"112123",1,1,2,12,11
46,"112134",1,1,2,13,NA
46,"112143",1,1,2,14,15
46,"112144",1,1,2,14,16
46,"112154",1,1,2,15,22
46,"11311",1,1,3,1,18
46,"11314",1,1,3,1,17
46,"11322",1,1,3,2,19
46,"11331",1,1,3,3,19
46,"11333",1,1,3,3,25
46,"11341",1,1,3,4,12
46,"11344",1,1,3,4,9
46,"11352",1,1,3,5,23
46,"11354",1,1,3,5,18
46,"11361",1,1,3,6,25
46,"11371",1,1,3,7,15
46,"11372",1,1,3,7,16
46,"11392",1,1,3,9,14
46,"11394",1,1,3,9,11
46,"113103",1,1,3,10,14
46,"113112",1,1,3,11,19
46,"113122",1,1,3,12,18
46,"113131",1,1,3,13,19
46,"113152",1,1,3,15,10
46,"113154",1,1,3,15,NA
46,"11423",1,1,4,2,21
46,"11453",1,1,4,5,18
46,"11463",1,1,4,6,12
46,"11464",1,1,4,6,14
46,"11471",1,1,4,7,14
46,"11473",1,1,4,7,16
46,"11474",1,1,4,7,21
46,"11491",1,1,4,9,19
46,"114102",1,1,4,10,16
46,"114103",1,1,4,10,NA
46,"114113",1,1,4,11,20
46,"114154",1,1,4,15,25
46,"11512",1,1,5,1,21
46,"11521",1,1,5,2,22
46,"11524",1,1,5,2,15
46,"11541",1,1,5,4,14
46,"11551",1,1,5,5,12
46,"11554",1,1,5,5,19
46,"11564",1,1,5,6,18
46,"11582",1,1,5,8,8
46,"11583",1,1,5,8,15
46,"11592",1,1,5,9,16
46,"11593",1,1,5,9,16
46,"115113",1,1,5,11,12
46,"115114",1,1,5,11,16
46,"12112",1,2,1,1,6
46,"12121",1,2,1,2,14
46,"12124",1,2,1,2,12
46,"12141",1,2,1,4,6
46,"12143",1,2,1,4,8
46,"12144",1,2,1,4,7
46,"12152",1,2,1,5,9
46,"12163",1,2,1,6,13
46,"12174",1,2,1,7,7
46,"12182",1,2,1,8,6
46,"12193",1,2,1,9,10
46,"12194",1,2,1,9,15
46,"121104",1,2,1,10,9
46,"121121",1,2,1,12,9
46,"121124",1,2,1,12,14
46,"121131",1,2,1,13,11
46,"121133",1,2,1,13,10
46,"121134",1,2,1,13,7
46,"121143",1,2,1,14,7
46,"121144",1,2,1,14,NA
46,"121152",1,2,1,15,10
46,"12213",1,2,2,1,15
46,"12221",1,2,2,2,16
46,"12232",1,2,2,3,20
46,"12253",1,2,2,5,18
46,"12254",1,2,2,5,18
46,"12261",1,2,2,6,16
46,"12262",1,2,2,6,23
46,"12283",1,2,2,8,18
46,"122101",1,2,2,10,11
46,"122102",1,2,2,10,12
46,"122121",1,2,2,12,20
46,"122132",1,2,2,13,15
46,"122133",1,2,2,13,21
46,"122142",1,2,2,14,18
46,"122152",1,2,2,15,13
46,"12312",1,2,3,1,17
46,"12314",1,2,3,1,25
46,"12323",1,2,3,2,15
46,"12333",1,2,3,3,20
46,"12334",1,2,3,3,17
46,"12342",1,2,3,4,18
46,"12343",1,2,3,4,NA
46,"12344",1,2,3,4,9
46,"12354",1,2,3,5,18
46,"12372",1,2,3,7,12
46,"12373",1,2,3,7,17
46,"12374",1,2,3,7,24
46,"12392",1,2,3,9,25
46,"12394",1,2,3,9,16
46,"123131",1,2,3,13,14
46,"123134",1,2,3,13,13
46,"123141",1,2,3,14,15
46,"123142",1,2,3,14,11
46,"123153",1,2,3,15,NA
46,"12414",1,2,4,1,15
46,"12422",1,2,4,2,22
46,"12423",1,2,4,2,25
46,"12431",1,2,4,3,19
46,"12432",1,2,4,3,NA
46,"12434",1,2,4,3,19
46,"12441",1,2,4,4,14
46,"12443",1,2,4,4,18
46,"12452",1,2,4,5,17
46,"12481",1,2,4,8,21
46,"12483",1,2,4,8,9
46,"124103",1,2,4,10,14
46,"124104",1,2,4,10,16
46,"124111",1,2,4,11,11
46,"124114",1,2,4,11,20
46,"124121",1,2,4,12,NA
46,"124131",1,2,4,13,9
46,"124132",1,2,4,13,12
46,"124133",1,2,4,13,7
46,"124142",1,2,4,14,14
46,"124154",1,2,4,15,18
46,"12514",1,2,5,1,12
46,"12522",1,2,5,2,23
46,"12532",1,2,5,3,16
46,"12542",1,2,5,4,18
46,"12544",1,2,5,4,19
46,"12563",1,2,5,6,23
46,"12594",1,2,5,9,10
46,"125121",1,2,5,12,14
46,"125123",1,2,5,12,13
46,"125131",1,2,5,13,10
46,"125141",1,2,5,14,13
46,"125142",1,2,5,14,14
46,"125152",1,2,5,15,NA
46,"125153",1,2,5,15,15
47,"11113",1,1,1,1,17
47,"11121",1,1,1,2,24
47,"11122",1,1,1,2,15
47,"11124",1,1,1,2,23
47,"11141",1,1,1,4,15
47,"11151",1,1,1,5,13
47,"11161",1,1,1,6,21
47,"11164",1,1,1,6,23
47,"11182",1,1,1,8,16
47,"11193",1,1,1,9,10
47,"11194",1,1,1,9,18
47,"111112",1,1,1,11,16
47,"111114",1,1,1,11,21
47,"111121",1,1,1,12,15
47,"111122",1,1,1,12,23
47,"111123",1,1,1,12,17
47,"111124",1,1,1,12,10
47,"111131",1,1,1,13,18
47,"111141",1,1,1,14,13
47,"111144",1,1,1,14,13
47,"111152",1,1,1,15,10
47,"11211",1,1,2,1,21
47,"11233",1,1,2,3,24
47,"11243",1,1,2,4,15
47,"11261",1,1,2,6,25
47,"112101",1,1,2,10,9
47,"112102",1,1,2,10,19
47,"112114",1,1,2,11,19
47,"11343",1,1,3,4,17
47,"11351",1,1,3,5,19
47,"11363",1,1,3,6,20
47,"11364",1,1,3,6,25
47,"113101",1,1,3,10,13
47,"113102",1,1,3,10,13
47,"113111",1,1,3,11,25
47,"113123",1,1,3,12,23
47,"113124",1,1,3,12,19
47,"113132",1,1,3,13,20
47,"113134",1,1,3,13,23
47,"113141",1,1,3,14,15
47,"113143",1,1,3,14,15
47,"11413",1,1,4,1,24
47,"11414",1,1,4,1,15
47,"11441",1,1,4,4,25
47,"11461",1,1,4,6,25
47,"11472",1,1,4,7,18
47,"11481",1,1,4,8,17
47,"114114",1,1,4,11,25
47,"114122",1,1,4,12,23
47,"114134",1,1,4,13,21
47,"114141",1,1,4,14,20
47,"114142",1,1,4,14,16
47,"114144",1,1,4,14,25
47,"114153",1,1,4,15,25
47,"11511",1,1,5,1,22
47,"11513",1,1,5,1,23
47,"11522",1,1,5,2,25
47,"11523",1,1,5,2,NA
47,"11531",1,1,5,3,NA
47,"11533",1,1,5,3,20
47,"11542",1,1,5,4,19
47,"11543",1,1,5,4,25
47,"11552",1,1,5,5,20
47,"11572",1,1,5,7,22
47,"11574",1,1,5,7,14
47,"11591",1,1,5,9,23
47,"11594",1,1,5,9,25
47,"115101",1,1,5,10,14
47,"115102",1,1,5,10,23
47,"115103",1,1,5,10,20
47,"115112",1,1,5,11,21
47,"115121",1,1,5,12,24
47,"115123",1,1,5,12,16
47,"115131",1,1,5,13,13
47,"115133",1,1,5,13,NA
47,"115134",1,1,5,13,NA
47,"115141",1,1,5,14,21
47,"115143",1,1,5,14,21
47,"12111",1,2,1,1,10
47,"12113",1,2,1,1,16
47,"12122",1,2,1,2,23
47,"12123",1,2,1,2,15
47,"12132",1,2,1,3,18
47,"12154",1,2,1,5,17
47,"12161",1,2,1,6,14
47,"12173",1,2,1,7,10
47,"12184",1,2,1,8,13
47,"121102",1,2,1,10,9
47,"121111",1,2,1,11,12
47,"121151",1,2,1,15,19
47,"121153",1,2,1,15,NA
47,"12212",1,2,2,1,21
47,"12224",1,2,2,2,19
47,"12233",1,2,2,3,25
47,"12244",1,2,2,4,NA
47,"12271",1,2,2,7,15
47,"12272",1,2,2,7,24
47,"12281",1,2,2,8,19
47,"12284",1,2,2,8,18
47,"122103",1,2,2,10,17
47,"122104",1,2,2,10,13
47,"122113",1,2,2,11,22
47,"122131",1,2,2,13,17
47,"122143",1,2,2,14,25
47,"122144",1,2,2,14,22
47,"122151",1,2,2,15,22
47,"12313",1,2,3,1,24
47,"12322",1,2,3,2,17
47,"12331",1,2,3,3,24
47,"12341",1,2,3,4,14
47,"12353",1,2,3,5,25
47,"12362",1,2,3,6,21
47,"12363",1,2,3,6,17
47,"12364",1,2,3,6,22
47,"12371",1,2,3,7,16
47,"12391",1,2,3,9,23
47,"123101",1,2,3,10,22
47,"123122",1,2,3,12,19
47,"123133",1,2,3,13,NA
47,"123143",1,2,3,14,19
47,"12442",1,2,4,4,22
47,"12444",1,2,4,4,12
47,"12451",1,2,4,5,21
47,"12463",1,2,4,6,25
47,"12464",1,2,4,6,24
47,"12472",1,2,4,7,14
47,"12484",1,2,4,8,21
47,"12491",1,2,4,9,NA
47,"12493",1,2,4,9,18
47,"124112",1,2,4,11,20
47,"124113",1,2,4,11,25
47,"124122",1,2,4,12,NA
47,"124123",1,2,4,12,13
47,"124134",1,2,4,13,18
47,"124151",1,2,4,15,20
47,"124153",1,2,4,15,25
47,"12511",1,2,5,1,14
47,"12521",1,2,5,2,23
47,"12533",1,2,5,3,15
47,"12553",1,2,5,5,19
47,"12571",1,2,5,7,6
47,"12573",1,2,5,7,17
47,"12581",1,2,5,8,18
47,"12593",1,2,5,9,22
47,"125103",1,2,5,10,14
47,"125132",1,2,5,13,20
47,"125133",1,2,5,13,15
47,"125134",1,2,5,13,11
47,"125144",1,2,5,14,18
54,"21112",2,1,1,1,11
54,"21113",2,1,1,1,11
54,"21114",2,1,1,1,14
54,"21123",2,1,1,2,10
54,"21133",2,1,1,3,21
54,"21153",2,1,1,5,13
54,"21162",2,1,1,6,23
54,"21184",2,1,1,8,12
54,"21191",2,1,1,9,15
54,"21193",2,1,1,9,18
54,"21194",2,1,1,9,18
54,"211102",2,1,1,10,9
54,"211111",2,1,1,11,8
54,"211113",2,1,1,11,11
54,"211124",2,1,1,12,21
54,"211131",2,1,1,13,13
54,"211143",2,1,1,14,8
54,"211144",2,1,1,14,NA
54,"211152",2,1,1,15,11
54,"211154",2,1,1,15,NA
54,"21212",2,1,2,1,16
54,"21221",2,1,2,2,20
54,"21232",2,1,2,3,15
54,"21233",2,1,2,3,NA
54,"21234",2,1,2,3,22
54,"21242",2,1,2,4,17
54,"21263",2,1,2,6,15
54,"21281",2,1,2,8,NA
54,"21282",2,1,2,8,12
54,"21283",2,1,2,8,21
54,"21292",2,1,2,9,16
54,"212113",2,1,2,11,18
54,"212141",2,1,2,14,NA
54,"212151",2,1,2,15,20
54,"212153",2,1,2,15,18
54,"212154",2,1,2,15,17
54,"21322",2,1,3,2,17
54,"21341",2,1,3,4,15
54,"21342",2,1,3,4,17
54,"21354",2,1,3,5,19
54,"21361",2,1,3,6,24
54,"21362",2,1,3,6,14
54,"21371",2,1,3,7,12
54,"21372",2,1,3,7,16
54,"21373",2,1,3,7,13
54,"21374",2,1,3,7,17
54,"21383",2,1,3,8,11
54,"21384",2,1,3,8,17
54,"213101",2,1,3,10,22
54,"213102",2,1,3,10,19
54,"213111",2,1,3,11,21
54,"213114",2,1,3,11,15
54,"213131",2,1,3,13,15
54,"213132",2,1,3,13,14
54,"213133",2,1,3,13,18
54,"213143",2,1,3,14,16
54,"213144",2,1,3,14,20
54,"213152",2,1,3,15,24
54,"21413",2,1,4,1,23
54,"21422",2,1,4,2,24
54,"21432",2,1,4,3,21
54,"21434",2,1,4,3,25
54,"21441",2,1,4,4,15
54,"21443",2,1,4,4,15
54,"21452",2,1,4,5,19
54,"21453",2,1,4,5,NA
54,"21473",2,1,4,7,13
54,"21481",2,1,4,8,20
54,"21482",2,1,4,8,21
54,"214103",2,1,4,10,14
54,"214124",2,1,4,12,21
54,"214141",2,1,4,14,20
54,"214142",2,1,4,14,14
54,"21512",2,1,5,1,24
54,"21522",2,1,5,2,20
54,"21534",2,1,5,3,19
54,"21544",2,1,5,4,16
54,"21554",2,1,5,5,11
54,"21561",2,1,5,6,25
54,"21581",2,1,5,8,15
54,"21582",2,1,5,8,11
54,"21583",2,1,5,8,15
54,"21594",2,1,5,9,12
54,"215103",2,1,5,10,12
54,"215154",2,1,5,15,18
54,"22122",2,2,1,2,13
54,"22124",2,2,1,2,19
54,"22131",2,2,1,3,11
54,"22134",2,2,1,3,17
54,"22181",2,2,1,8,13
54,"22192",2,2,1,9,17
54,"22194",2,2,1,9,NA
54,"221103",2,2,1,10,8
54,"221112",2,2,1,11,11
54,"221113",2,2,1,11,22
54,"221121",2,2,1,12,8
54,"221122",2,2,1,12,12
54,"221132",2,2,1,13,15
54,"22211",2,2,2,1,17
54,"22223",2,2,2,2,18
54,"22252",2,2,2,5,16
54,"22253",2,2,2,5,19
54,"22254",2,2,2,5,19
54,"22263",2,2,2,6,19
54,"22264",2,2,2,6,25
54,"22271",2,2,2,7,18
54,"22281",2,2,2,8,15
54,"22284",2,2,2,8,18
54,"222101",2,2,2,10,21
54,"222114",2,2,2,11,18
54,"222123",2,2,2,12,17
54,"222124",2,2,2,12,16
54,"222134",2,2,2,13,19
54,"222151",2,2,2,15,16
54,"222153",2,2,2,15,19
54,"22312",2,2,3,1,21
54,"22313",2,2,3,1,17
54,"22343",2,2,3,4,16
54,"22344",2,2,3,4,14
54,"22352",2,2,3,5,19
54,"22354",2,2,3,5,18
54,"22381",2,2,3,8,18
54,"22383",2,2,3,8,NA
54,"22392",2,2,3,9,15
54,"223133",2,2,3,13,17
54,"223144",2,2,3,14,19
54,"22413",2,2,4,1,11
54,"22422",2,2,4,2,21
54,"22423",2,2,4,2,25
54,"22442",2,2,4,4,25
54,"22444",2,2,4,4,18
54,"22452",2,2,4,5,24
54,"22462",2,2,4,6,16
54,"22473",2,2,4,7,23
54,"22474",2,2,4,7,8
54,"22482",2,2,4,8,18
54,"22492",2,2,4,9,13
54,"22493",2,2,4,9,21
54,"224102",2,2,4,10,14
54,"224104",2,2,4,10,13
54,"224132",2,2,4,13,21
54,"224143",2,2,4,14,17
54,"224151",2,2,4,15,23
54,"22511",2,2,5,1,14
54,"22512",2,2,5,1,19
54,"22522",2,2,5,2,25
54,"22523",2,2,5,2,25
54,"22532",2,2,5,3,25
54,"22553",2,2,5,5,17
54,"22571",2,2,5,7,19
54,"22572",2,2,5,7,NA
54,"22574",2,2,5,7,12
54,"22583",2,2,5,8,12
54,"22584",2,2,5,8,19
54,"22593",2,2,5,9,13
54,"225122",2,2,5,12,17
54,"225123",2,2,5,12,12
54,"225124",2,2,5,12,15
54,"225142",2,2,5,14,23
54,"225153",2,2,5,15,14
62,"21132",2,1,1,3,15
62,"21134",2,1,1,3,23
62,"21141",2,1,1,4,10
62,"21142",2,1,1,4,NA
62,"21143",2,1,1,4,6
62,"21151",2,1,1,5,18
62,"21172",2,1,1,7,15
62,"21173",2,1,1,7,17
62,"21183",2,1,1,8,16
62,"211104",2,1,1,10,11
62,"211123",2,1,1,12,15
62,"211142",2,1,1,14,12
62,"21211",2,1,2,1,9
62,"21214",2,1,2,1,16
62,"21231",2,1,2,3,16
62,"21241",2,1,2,4,12
62,"21244",2,1,2,4,14
62,"21251",2,1,2,5,13
62,"21254",2,1,2,5,15
62,"21262",2,1,2,6,20
62,"21264",2,1,2,6,25
62,"21291",2,1,2,9,19
62,"21293",2,1,2,9,15
62,"212112",2,1,2,11,9
62,"212114",2,1,2,11,21
62,"212121",2,1,2,12,18
62,"212132",2,1,2,13,21
62,"212142",2,1,2,14,22
62,"212143",2,1,2,14,13
62,"21312",2,1,3,1,15
62,"21332",2,1,3,3,17
62,"21344",2,1,3,4,11
62,"21382",2,1,3,8,21
62,"21393",2,1,3,9,14
62,"213104",2,1,3,10,NA
62,"213112",2,1,3,11,NA
62,"213113",2,1,3,11,11
62,"213124",2,1,3,12,19
62,"213151",2,1,3,15,19
62,"213154",2,1,3,15,20
62,"21423",2,1,4,2,23
62,"21433",2,1,4,3,19
62,"21462",2,1,4,6,22
62,"21464",2,1,4,6,25
62,"21484",2,1,4,8,11
62,"21493",2,1,4,9,24
62,"21494",2,1,4,9,20
62,"214101",2,1,4,10,15
62,"214102",2,1,4,10,15
62,"214104",2,1,4,10,20
62,"214111",2,1,4,11,22
62,"214121",2,1,4,12,16
62,"214143",2,1,4,14,15
62,"214154",2,1,4,15,19
62,"21513",2,1,5,1,8
62,"21521",2,1,5,2,22
62,"21523",2,1,5,2,25
62,"21524",2,1,5,2,21
62,"21551",2,1,5,5,18
62,"21563",2,1,5,6,16
62,"21564",2,1,5,6,22
62,"21572",2,1,5,7,16
62,"21584",2,1,5,8,8
62,"21591",2,1,5,9,13
62,"21592",2,1,5,9,17
62,"215101",2,1,5,10,18
62,"215104",2,1,5,10,16
62,"215122",2,1,5,12,10
62,"215123",2,1,5,12,14
62,"215131",2,1,5,13,12
62,"215132",2,1,5,13,21
62,"215133",2,1,5,13,15
62,"215134",2,1,5,13,23
62,"215143",2,1,5,14,24
62,"215152",2,1,5,15,14
62,"22113",2,2,1,1,10
62,"22121",2,2,1,2,13
62,"22141",2,2,1,4,9
62,"22143",2,2,1,4,7
62,"22161",2,2,1,6,15
62,"22163",2,2,1,6,12
62,"22173",2,2,1,7,NA
62,"22182",2,2,1,8,11
62,"22193",2,2,1,9,12
62,"221101",2,2,1,10,12
62,"221141",2,2,1,14,5
62,"221144",2,2,1,14,17
62,"221153",2,2,1,15,14
62,"22213",2,2,2,1,16
62,"22224",2,2,2,2,21
62,"22234",2,2,2,3,20
62,"22244",2,2,2,4,NA
62,"22251",2,2,2,5,18
62,"22261",2,2,2,6,25
62,"22282",2,2,2,8,13
62,"22291",2,2,2,9,12
62,"22293",2,2,2,9,18
62,"22294",2,2,2,9,20
62,"222112",2,2,2,11,NA
62,"222113",2,2,2,11,11
62,"22321",2,2,3,2,15
62,"22323",2,2,3,2,19
62,"22331",2,2,3,3,18
62,"22333",2,2,3,3,23
62,"22334",2,2,3,3,17
62,"22341",2,2,3,4,18
62,"22351",2,2,3,5,15
62,"22362",2,2,3,6,18
62,"22363",2,2,3,6,21
62,"22364",2,2,3,6,20
62,"22371",2,2,3,7,11
62,"22373",2,2,3,7,13
62,"22374",2,2,3,7,16
62,"22382",2,2,3,8,14
62,"223103",2,2,3,10,12
62,"223104",2,2,3,10,10
62,"223114",2,2,3,11,12
62,"223124",2,2,3,12,15
62,"223141",2,2,3,14,13
62,"223142",2,2,3,14,18
62,"22411",2,2,4,1,15
62,"22454",2,2,4,5,22
62,"22464",2,2,4,6,24
62,"22481",2,2,4,8,16
62,"224101",2,2,4,10,7
62,"224103",2,2,4,10,22
62,"224111",2,2,4,11,21
62,"224112",2,2,4,11,13
62,"224113",2,2,4,11,20
62,"224141",2,2,4,14,NA
62,"224142",2,2,4,14,16
62,"22533",2,2,5,3,20
62,"22551",2,2,5,5,23
62,"22563",2,2,5,6,23
62,"22573",2,2,5,7,17
62,"22591",2,2,5,9,18
62,"225102",2,2,5,10,16
62,"225103",2,2,5,10,17
62,"225111",2,2,5,11,21
62,"225131",2,2,5,13,14
73,"21121",2,1,1,2,7
73,"21152",2,1,1,5,8
73,"21163",2,1,1,6,8
73,"21171",2,1,1,7,8
73,"21181",2,1,1,8,5
73,"211101",2,1,1,10,5
73,"211103",2,1,1,10,6
73,"211121",2,1,1,12,10
73,"211122",2,1,1,12,8
73,"211132",2,1,1,13,14
73,"211151",2,1,1,15,10
73,"211153",2,1,1,15,9
73,"21213",2,1,2,1,17
73,"21243",2,1,2,4,NA
73,"21252",2,1,2,5,13
73,"21253",2,1,2,5,20
73,"21261",2,1,2,6,19
73,"21272",2,1,2,7,13
73,"21284",2,1,2,8,13
73,"212102",2,1,2,10,15
73,"212111",2,1,2,11,13
73,"212123",2,1,2,12,11
73,"212124",2,1,2,12,12
73,"212133",2,1,2,13,11
73,"212144",2,1,2,14,18
73,"212152",2,1,2,15,7
73,"21311",2,1,3,1,17
73,"21313",2,1,3,1,12
73,"21321",2,1,3,2,20
73,"21331",2,1,3,3,25
73,"21352",2,1,3,5,15
73,"21364",2,1,3,6,17
73,"21381",2,1,3,8,NA
73,"21394",2,1,3,9,11
73,"213122",2,1,3,12,14
73,"213123",2,1,3,12,NA
73,"213134",2,1,3,13,12
73,"213141",2,1,3,14,14
73,"213142",2,1,3,14,17
73,"21411",2,1,4,1,11
73,"21412",2,1,4,1,8
73,"21414",2,1,4,1,17
73,"21424",2,1,4,2,22
73,"21431",2,1,4,3,15
73,"21442",2,1,4,4,14
73,"21444",2,1,4,4,7
73,"21451",2,1,4,5,15
73,"21463",2,1,4,6,13
73,"21472",2,1,4,7,11
73,"21474",2,1,4,7,15
73,"21483",2,1,4,8,NA
73,"214114",2,1,4,11,16
73,"214122",2,1,4,12,8
73,"214123",2,1,4,12,15
73,"214144",2,1,4,14,14
73,"214151",2,1,4,15,20
73,"214152",2,1,4,15,14
73,"21511",2,1,5,1,15
73,"21514",2,1,5,1,14
73,"21531",2,1,5,3,NA
73,"21571",2,1,5,7,7
73,"21574",2,1,5,7,6
73,"21593",2,1,5,9,16
73,"215111",2,1,5,11,16
73,"215112",2,1,5,11,21
73,"215113",2,1,5,11,20
73,"215114",2,1,5,11,15
73,"215144",2,1,5,14,18
73,"215153",2,1,5,15,14
73,"22151",2,2,1,5,8
73,"22184",2,2,1,8,8
73,"221102",2,2,1,10,7
73,"221111",2,2,1,11,NA
73,"221114",2,2,1,11,8
73,"221123",2,2,1,12,6
73,"221143",2,2,1,14,6
73,"221151",2,2,1,15,7
73,"221154",2,2,1,15,NA
73,"22212",2,2,2,1,10
73,"22214",2,2,2,1,13
73,"22222",2,2,2,2,21
73,"22243",2,2,2,4,7
73,"22262",2,2,2,6,17
73,"22272",2,2,2,7,15
73,"222103",2,2,2,10,11
73,"222111",2,2,2,11,10
73,"222121",2,2,2,12,7
73,"222132",2,2,2,13,10
73,"222141",2,2,2,14,9
73,"222142",2,2,2,14,21
73,"222143",2,2,2,14,17
73,"222144",2,2,2,14,19
73,"22314",2,2,3,1,12
73,"22322",2,2,3,2,12
73,"22324",2,2,3,2,20
73,"22332",2,2,3,3,18
73,"22342",2,2,3,4,11
73,"22361",2,2,3,6,19
73,"22372",2,2,3,7,8
73,"22393",2,2,3,9,9
73,"22394",2,2,3,9,23
73,"223102",2,2,3,10,10
73,"223111",2,2,3,11,16
73,"223112",2,2,3,11,16
73,"223113",2,2,3,11,12
73,"223122",2,2,3,12,10
73,"223123",2,2,3,12,14
73,"223131",2,2,3,13,14
73,"223132",2,2,3,13,12
73,"223151",2,2,3,15,7
73,"223152",2,2,3,15,16
73,"22414",2,2,4,1,9
73,"22441",2,2,4,4,9
73,"22443",2,2,4,4,10
73,"22463",2,2,4,6,15
73,"22471",2,2,4,7,8
73,"22472",2,2,4,7,12
73,"22483",2,2,4,8,10
73,"22484",2,2,4,8,10
73,"22491",2,2,4,9,15
73,"224114",2,2,4,11,15
73,"224122",2,2,4,12,15
73,"224123",2,2,4,12,8
73,"224134",2,2,4,13,14
73,"224144",2,2,4,14,16
73,"224152",2,2,4,15,15
73,"224153",2,2,4,15,14
73,"22513",2,2,5,1,13
73,"22514",2,2,5,1,9
73,"22524",2,2,5,2,13
73,"22531",2,2,5,3,19
73,"22534",2,2,5,3,15
73,"22541",2,2,5,4,9
73,"22581",2,2,5,8,13
73,"22582",2,2,5,8,13
73,"22592",2,2,5,9,16
73,"225101",2,2,5,10,NA
73,"225113",2,2,5,11,11
73,"225121",2,2,5,12,9
73,"225133",2,2,5,13,11
73,"225134",2,2,5,13,13
73,"225141",2,2,5,14,18
73,"225152",2,2,5,15,19
73,"225154",2,2,5,15,11
98,"21111",2,1,1,1,10
98,"21122",2,1,1,2,19
98,"21124",2,1,1,2,18
98,"21131",2,1,1,3,17
98,"21144",2,1,1,4,7
98,"21154",2,1,1,5,9
98,"21161",2,1,1,6,14
98,"21164",2,1,1,6,19
98,"21174",2,1,1,7,16
98,"21182",2,1,1,8,15
98,"21192",2,1,1,9,14
98,"211112",2,1,1,11,13
98,"211114",2,1,1,11,10
98,"211133",2,1,1,13,NA
98,"211134",2,1,1,13,10
98,"211141",2,1,1,14,7
98,"21222",2,1,2,2,25
98,"21223",2,1,2,2,18
98,"21224",2,1,2,2,22
98,"21271",2,1,2,7,21
98,"21273",2,1,2,7,21
98,"21274",2,1,2,7,19
98,"21294",2,1,2,9,19
98,"212101",2,1,2,10,14
98,"212103",2,1,2,10,12
98,"212104",2,1,2,10,8
98,"212122",2,1,2,12,12
98,"212131",2,1,2,13,NA
98,"212134",2,1,2,13,25
98,"21314",2,1,3,1,14
98,"21323",2,1,3,2,17
98,"21324",2,1,3,2,17
98,"21333",2,1,3,3,10
98,"21334",2,1,3,3,22
98,"21343",2,1,3,4,13
98,"21351",2,1,3,5,14
98,"21353",2,1,3,5,23
98,"21363",2,1,3,6,20
98,"21391",2,1,3,9,19
98,"21392",2,1,3,9,12
98,"213103",2,1,3,10,13
98,"213121",2,1,3,12,18
98,"213153",2,1,3,15,12
98,"21421",2,1,4,2,19
98,"21454",2,1,4,5,17
98,"21461",2,1,4,6,25
98,"21471",2,1,4,7,16
98,"21491",2,1,4,9,16
98,"21492",2,1,4,9,NA
98,"214112",2,1,4,11,22
98,"214113",2,1,4,11,15
98,"214131",2,1,4,13,25
98,"214132",2,1,4,13,16
98,"214133",2,1,4,13,14
98,"214134",2,1,4,13,NA
98,"214153",2,1,4,15,17
98,"21532",2,1,5,3,19
98,"21533",2,1,5,3,16
98,"21541",2,1,5,4,12
98,"21542",2,1,5,4,16
98,"21543",2,1,5,4,7
98,"21552",2,1,5,5,15
98,"21553",2,1,5,5,15
98,"21562",2,1,5,6,20
98,"21573",2,1,5,7,16
98,"215102",2,1,5,10,14
98,"215121",2,1,5,12,20
98,"215124",2,1,5,12,16
98,"215141",2,1,5,14,24
98,"215142",2,1,5,14,11
98,"215151",2,1,5,15,19
98,"22111",2,2,1,1,10
98,"22112",2,2,1,1,15
98,"22114",2,2,1,1,11
98,"22123",2,2,1,2,13
98,"22132",2,2,1,3,10
98,"22133",2,2,1,3,18
98,"22142",2,2,1,4,4
98,"22144",2,2,1,4,10
98,"22152",2,2,1,5,12
98,"22153",2,2,1,5,17
98,"22154",2,2,1,5,9
98,"22162",2,2,1,6,13
98,"22164",2,2,1,6,NA
98,"22171",2,2,1,7,7
98,"22172",2,2,1,7,11
98,"22174",2,2,1,7,8
98,"22183",2,2,1,8,8
98,"22191",2,2,1,9,15
98,"221104",2,2,1,10,11
98,"221124",2,2,1,12,5
98,"221131",2,2,1,13,12
98,"221133",2,2,1,13,12
98,"221134",2,2,1,13,9
98,"221142",2,2,1,14,14
98,"221152",2,2,1,15,6
98,"22221",2,2,2,2,25
98,"22231",2,2,2,3,18
98,"22232",2,2,2,3,22
98,"22233",2,2,2,3,15
98,"22241",2,2,2,4,15
98,"22242",2,2,2,4,17
98,"22273",2,2,2,7,8
98,"22274",2,2,2,7,16
98,"22283",2,2,2,8,12
98,"22292",2,2,2,9,11
98,"222102",2,2,2,10,15
98,"222104",2,2,2,10,15
98,"222122",2,2,2,12,17
98,"222131",2,2,2,13,13
98,"222133",2,2,2,13,NA
98,"222152",2,2,2,15,13
98,"222154",2,2,2,15,16
98,"22311",2,2,3,1,10
98,"22353",2,2,3,5,14
98,"22384",2,2,3,8,NA
98,"22391",2,2,3,9,16
98,"223101",2,2,3,10,11
98,"223121",2,2,3,12,9
98,"223134",2,2,3,13,23
98,"223143",2,2,3,14,NA
98,"223153",2,2,3,15,16
98,"223154",2,2,3,15,21
98,"22412",2,2,4,1,10
98,"22421",2,2,4,2,25
98,"22424",2,2,4,2,23
98,"22431",2,2,4,3,25
98,"22432",2,2,4,3,12
98,"22433",2,2,4,3,23
98,"22434",2,2,4,3,24
98,"22451",2,2,4,5,14
98,"22453",2,2,4,5,NA
98,"22461",2,2,4,6,19
98,"22494",2,2,4,9,25
98,"224121",2,2,4,12,20
98,"224124",2,2,4,12,10
98,"224131",2,2,4,13,12
98,"224133",2,2,4,13,24
98,"224154",2,2,4,15,17
98,"22521",2,2,5,2,20
98,"22542",2,2,5,4,11
98,"22543",2,2,5,4,11
98,"22544",2,2,5,4,14
98,"22552",2,2,5,5,13
98,"22554",2,2,5,5,14
98,"22561",2,2,5,6,25
98,"22562",2,2,5,6,15
98,"22564",2,2,5,6,19
98,"22594",2,2,5,9,9
98,"225104",2,2,5,10,17
98,"225112",2,2,5,11,14
98,"225114",2,2,5,11,8
98,"225132",2,2,5,13,20
98,"225143",2,2,5,14,18
98,"225144",2,2,5,14,20
98,"225151",2,2,5,15,9
